<tiles>
  <tile bank="1" tileset="0" type="Main" name="metroVan_practice\BckCHR_00.bmp" display="B1 Main-0" />
  <tile bank="1" tileset="1" type="Main" name="metroVan_practice\BckCHR_01.bmp" display="B1 Main-1" />
  <tile bank="1" tileset="2" type="Main" name="metroVan_practice\BckCHR_02.bmp" display="B1 Main-2" />
  <tile bank="1" tileset="3" type="Main" name="metroVan_practice\BckCHR_03.bmp" display="B1 Main-3" />
  <tile bank="1" tileset="4" type="Main" name="metroVan_practice\BckCHR_04.bmp" display="B1 Main-4" />
  <tile bank="1" tileset="5" type="Main" name="metroVan_practice\BckCHR_05.bmp" display="B1 Main-5" />
  <tile bank="1" tileset="0" type="Screen" name="metroVan_practice\BckSSChr00.bmp" display="Screen-10" />
  <tile bank="1" tileset="1" type="Screen" name="metroVan_practice\BckSSChr01.bmp" display="Screen-11" />
  <tile bank="1" tileset="2" type="Screen" name="metroVan_practice\BckSSChr02.bmp" display="Screen-12" />
  <tile bank="1" tileset="3" type="Screen" name="metroVan_practice\BckSSChr03.bmp" display="Screen-13" />
  <tile bank="1" tileset="4" type="Screen" name="metroVan_practice\BckSSChr04.bmp" display="Screen-14" />
  <tile bank="1" tileset="5" type="Screen" name="metroVan_practice\BckSSChr05.bmp" display="Screen-15" />
  <tile bank="1" tileset="6" type="Screen" name="metroVan_practice\BckSSChr06.bmp" display="Screen-16" />
  <tile bank="1" tileset="7" type="Screen" name="metroVan_practice\BckSSChr07.bmp" display="Screen-17" />
  <tile bank="1" tileset="8" type="Screen" name="metroVan_practice\BckSSChr08.bmp" display="Screen-18" />
  <tile bank="1" tileset="9" type="Screen" name="metroVan_practice\BckSSChr09.bmp" display="Screen-19" />
  <tile bank="2" tileset="0" type="Main" name="metroVan_practice\BckCHR_06.bmp" display="B2 Main-0" />
  <tile bank="2" tileset="1" type="Main" name="metroVan_practice\BckCHR_07.bmp" display="B2 Main-1" />
  <tile bank="2" tileset="2" type="Main" name="metroVan_practice\BckCHR_08.bmp" display="B2 Main-2" />
  <tile bank="2" tileset="3" type="Main" name="metroVan_practice\BckCHR_09.bmp" display="B2 Main-3" />
  <tile bank="2" tileset="4" type="Main" name="metroVan_practice\BckCHR_10.bmp" display="B2 Main-4" />
  <tile bank="2" tileset="5" type="Main" name="metroVan_practice\BckCHR_11.bmp" display="B2 Main-5" />
  <tile bank="2" tileset="0" type="Screen" name="metroVan_practice\BckSSChr10.bmp" display="Screen-20" />
  <tile bank="2" tileset="1" type="Screen" name="metroVan_practice\BckSSChr11.bmp" display="Screen-21" />
  <tile bank="2" tileset="2" type="Screen" name="metroVan_practice\BckSSChr12.bmp" display="Screen-22" />
  <tile bank="2" tileset="3" type="Screen" name="metroVan_practice\BckSSChr13.bmp" display="Screen-23" />
  <tile bank="2" tileset="4" type="Screen" name="metroVan_practice\BckSSChr14.bmp" display="Screen-24" />
  <tile bank="2" tileset="5" type="Screen" name="metroVan_practice\BckSSChr15.bmp" display="Screen-25" />
  <tile bank="2" tileset="6" type="Screen" name="metroVan_practice\BckSSChr16.bmp" display="Screen-26" />
  <tile bank="2" tileset="7" type="Screen" name="metroVan_practice\BckSSChr17.bmp" display="Screen-27" />
  <tile bank="2" tileset="8" type="Screen" name="metroVan_practice\BckSSChr18.bmp" display="Screen-28" />
  <tile bank="2" tileset="9" type="Screen" name="metroVan_practice\BckSSChr19.bmp" display="Screen-29" />
  <tile bank="3" tileset="0" type="Main" name="metroVan_practice\BckCHR_12.bmp" display="B3 Main-0" />
  <tile bank="3" tileset="1" type="Main" name="metroVan_practice\BckCHR_13.bmp" display="B3 Main-1" />
  <tile bank="3" tileset="2" type="Main" name="metroVan_practice\BckCHR_14.bmp" display="B3 Main-2" />
  <tile bank="3" tileset="3" type="Main" name="metroVan_practice\BckCHR_15.bmp" display="B3 Main-3" />
  <tile bank="3" tileset="4" type="Main" name="metroVan_practice\BckCHR_16.bmp" display="B3 Main-4" />
  <tile bank="3" tileset="5" type="Main" name="metroVan_practice\BckCHR_17.bmp" display="B3 Main-5" />
  <tile bank="3" tileset="0" type="Screen" name="metroVan_practice\BckSSChr20.bmp" display="Screen-30" />
  <tile bank="3" tileset="1" type="Screen" name="metroVan_practice\BckSSChr21.bmp" display="Screen-31" />
  <tile bank="3" tileset="2" type="Screen" name="metroVan_practice\BckSSChr22.bmp" display="Screen-32" />
  <tile bank="3" tileset="3" type="Screen" name="metroVan_practice\BckSSChr23.bmp" display="Screen-33" />
  <tile bank="3" tileset="4" type="Screen" name="metroVan_practice\BckSSChr24.bmp" display="Screen-34" />
  <tile bank="3" tileset="5" type="Screen" name="metroVan_practice\BckSSChr25.bmp" display="Screen-35" />
  <tile bank="3" tileset="6" type="Screen" name="metroVan_practice\BckSSChr26.bmp" display="Screen-36" />
  <tile bank="3" tileset="7" type="Screen" name="metroVan_practice\BckSSChr27.bmp" display="Screen-37" />
  <tile bank="3" tileset="8" type="Screen" name="metroVan_practice\BckSSChr28.bmp" display="Screen-38" />
  <tile bank="3" tileset="9" type="Screen" name="metroVan_practice\BckSSChr29.bmp" display="Screen-39" />
  <tile bank="0" tileset="0" type="Path" name="metroVan_practice\PathTiles00.bmp" display="Path-0" />
  <tile bank="1" tileset="0" type="Path" name="metroVan_practice\PathTiles00.bmp" display="Path-0a" />
  <tile bank="2" tileset="0" type="Path" name="metroVan_practice\PathTiles01.bmp" display="Path-0b" />
  <tile bank="3" tileset="0" type="Path" name="metroVan_practice\PathTiles02.bmp" display="Path-0c" />
  <tile bank="0" tileset="0" type="specialTiles" name="metroVan_practice\StartScreen.bmp" display="Start Screen" />
  <tile bank="0" tileset="1" type="specialTiles" name="metroVan_practice\WinScreen.bmp" display="Win Screen" />
  <tile bank="0" tileset="2" type="specialTiles" name="metroVan_practice\MenuScreen.bmp" display="Menu Screen" />
  <tile bank="0" tileset="3" type="specialTiles" name="metroVan_practice\RegisterScreen.bmp" display="Register Screen" />
  <tile bank="0" tileset="4" type="specialTiles" name="metroVan_practice\DeathScreen.bmp" display="Death Screen" />
  <tile bank="0" tileset="5" type="specialTiles" name="metroVan_practice\ShopScreen.bmp" display="Shop Screen" />
  <tile bank="0" tileset="6" type="specialTiles" name="metroVan_practice\NPCScreen.bmp" display="NPC Screen" />
  <tile bank="0" tileset="7" type="specialTiles" name="metroVan_practice\Menu2Screen.bmp" display="Menu 2 Screen" />
  <tile bank="0" tileset="0" type="objectTiles" name="metroVan_practice\GameObjectTiles.bmp" display="GameObjectTiles.bmp" />
  <tile bank="0" tileset="0" type="HudTiles" name="metroVan_practice\Hud.bmp" display="Hud Tiles" />
  <tile bank="0" tileset="0" type="Monster" name="metroVan_practice\Monster_0_00.bmp" display="Tiles-0" />
  <tile bank="0" tileset="1" type="Monster" name="metroVan_practice\Monster_0_01.bmp" display="Tiles-1" />
  <tile bank="0" tileset="2" type="Monster" name="metroVan_practice\Monster_0_02.bmp" display="Tiles-2" />
  <tile bank="0" tileset="3" type="Monster" name="metroVan_practice\Monster_0_03.bmp" display="Tiles-3" />
  <tile bank="0" tileset="4" type="Monster" name="metroVan_practice\Monster_0_04.bmp" display="Tiles-4" />
  <tile bank="0" tileset="5" type="Monster" name="metroVan_practice\Monster_0_05.bmp" display="Tiles-5" />
  <tile bank="0" tileset="6" type="Monster" name="metroVan_practice\Monster_0_06.bmp" display="Tiles-6" />
  <tile bank="0" tileset="7" type="Monster" name="metroVan_practice\Monster_0_07.bmp" display="Tiles-7" />
  <tile bank="1" tileset="0" type="Monster" name="metroVan_practice\Monster_1_00.bmp" display="Tiles-0" />
  <tile bank="1" tileset="1" type="Monster" name="metroVan_practice\Monster_1_01.bmp" display="Tiles-1" />
  <tile bank="1" tileset="2" type="Monster" name="metroVan_practice\Monster_1_02.bmp" display="Tiles-2" />
  <tile bank="1" tileset="3" type="Monster" name="metroVan_practice\Monster_1_03.bmp" display="Tiles-3" />
  <tile bank="1" tileset="4" type="Monster" name="metroVan_practice\Monster_1_04.bmp" display="Tiles-4" />
  <tile bank="1" tileset="5" type="Monster" name="metroVan_practice\Monster_1_05.bmp" display="Tiles-5" />
  <tile bank="1" tileset="6" type="Monster" name="metroVan_practice\Monster_1_06.bmp" display="Tiles-6" />
  <tile bank="1" tileset="7" type="Monster" name="metroVan_practice\Monster_1_07.bmp" display="Tiles-7" />
</tiles>
